{
  "rtime": {
    "sum": 7.249328374862671,
    "avg": 0.28997313499450683,
    "min": 0.07174110412597656,
    "p10": 0.08233845233917236,
    "median": 0.17115402221679688,
    "p75": 0.33797311782836914,
    "max": 2.268784999847412,
    "count": 25
  },
  "utime": {
    "sum": 6.093389,
    "avg": 0.24373556000000002,
    "min": 0.059462,
    "p10": 0.065507,
    "median": 0.12415699999999999,
    "p75": 0.26836899999999997,
    "max": 1.9995029999999998,
    "count": 25
  },
  "stime": {
    "sum": 0.4468560000000001,
    "avg": 0.017874240000000003,
    "min": 0.003705000000000001,
    "p10": 0.004065,
    "median": 0.015387999999999999,
    "p75": 0.021686999999999998,
    "max": 0.09825399999999999,
    "count": 25
  },
  "cutime": {
    "sum": 0.081057,
    "avg": 0.00324228,
    "min": 0.003019,
    "p10": 0.0030765000000000002,
    "median": 0.003261,
    "p75": 0.003314,
    "max": 0.003475,
    "count": 25
  },
  "cstime": {
    "sum": 0.065843,
    "avg": 0.00263372,
    "min": 0.002343,
    "p10": 0.0023975,
    "median": 0.002597,
    "p75": 0.002823,
    "max": 0.002961,
    "count": 25
  },
  "minor_gb": {
    "sum": 6.877438463270664,
    "avg": 0.2750975385308266,
    "min": 0.037737876176834106,
    "p10": 0.03780822083353996,
    "median": 0.06321863085031509,
    "p75": 0.27037348598241806,
    "max": 3.342543490231037,
    "count": 25
  },
  "promoted_gb": {
    "sum": 0.08154664933681488,
    "avg": 0.003261865973472595,
    "min": 0.0016608759760856628,
    "p10": 0.0016608759760856628,
    "median": 0.002797037363052368,
    "p75": 0.003591187298297882,
    "max": 0.016025863587856293,
    "count": 25
  },
  "major_gb": {
    "sum": 0.14368195831775665,
    "avg": 0.005747278332710266,
    "min": 0.0016842633485794067,
    "p10": 0.0016894415020942688,
    "median": 0.006067126989364624,
    "p75": 0.007348760962486267,
    "max": 0.019946157932281494,
    "count": 25
  },
  "allocated_gb": {
    "sum": 6.939573772251606,
    "avg": 0.27758295089006424,
    "min": 0.03776126354932785,
    "p10": 0.03783678635954857,
    "median": 0.06648872047662735,
    "p75": 0.2742093876004219,
    "max": 3.3464637845754623,
    "count": 25
  },
  "minor_collections": {
    "sum": 1252.0,
    "avg": 50.08,
    "min": 20.0,
    "p10": 20.0,
    "median": 23.0,
    "p75": 49.0,
    "max": 443.0,
    "count": 25
  },
  "major_collections": {
    "sum": 35.0,
    "avg": 1.4,
    "min": 1.0,
    "p10": 1.0,
    "median": 1.0,
    "p75": 2.0,
    "max": 5.0,
    "count": 25
  },
  "compactions": {
    "sum": 0.0,
    "avg": 0.0,
    "min": 0.0,
    "p10": 0.0,
    "median": 0.0,
    "p75": 0.0,
    "max": 0.0,
    "count": 25
  },
  "top_heap_gb": {
    "sum": 0.19813919067382812,
    "avg": 0.007925567626953125,
    "min": 0.003662109375,
    "p10": 0.003662109375,
    "median": 0.0094146728515625,
    "p75": 0.0094146728515625,
    "max": 0.012454986572265625,
    "count": 25
  },
  "stack_kb": {
    "sum": 8.0078125,
    "avg": 0.3203125,
    "min": 0.3203125,
    "p10": 0.3203125,
    "median": 0.3203125,
    "p75": 0.3203125,
    "max": 0.3203125,
    "count": 25
  },
  "minor_heap_kb": {
    "sum": 204800.0,
    "avg": 8192.0,
    "min": 8192.0,
    "p10": 8192.0,
    "median": 8192.0,
    "p75": 8192.0,
    "max": 8192.0,
    "count": 25
  },
  "attributes_table": {
    "num_bindings": {
      "sum": 246.0,
      "avg": 9.84,
      "min": 1.0,
      "p10": 1.0,
      "median": 7.0,
      "p75": 14.0,
      "max": 52.0,
      "count": 25
    },
    "num_buckets": {
      "sum": 416.0,
      "avg": 16.64,
      "min": 16.0,
      "p10": 16.0,
      "median": 16.0,
      "p75": 16.0,
      "max": 32.0,
      "count": 25
    },
    "max_bucket_length": {
      "sum": 55.0,
      "avg": 2.2,
      "min": 1.0,
      "p10": 1.0,
      "median": 2.0,
      "p75": 3.0,
      "max": 4.0,
      "count": 25
    }
  }
}