{
  "rtime": 0.20861101150512695,
  "utime": 0.174417,
  "stime": 0.020296,
  "cutime": 0.003363,
  "cstime": 0.002959,
  "minor_gb": 0.12231307476758957,
  "promoted_gb": 0.0030449330806732178,
  "major_gb": 0.0063486844301223755,
  "allocated_gb": 0.12561682611703873,
  "minor_collections": 30,
  "major_collections": 1,
  "compactions": 0,
  "top_heap_gb": 0.0094146728515625,
  "stack_kb": 0.3203125,
  "minor_heap_kb": 8192.0,
  "attributes_table": {
    "num_bindings": 12,
    "num_buckets": 16,
    "max_bucket_length": 4
  }
}