{
  "rtime": 0.143172025680542,
  "utime": 0.10699600000000001,
  "stime": 0.011349,
  "cutime": 0.003076,
  "cstime": 0.002544,
  "minor_gb": 0.04216834902763367,
  "promoted_gb": 0.0016608759760856628,
  "major_gb": 0.004910141229629517,
  "allocated_gb": 0.04541761428117752,
  "minor_collections": 20,
  "major_collections": 1,
  "compactions": 0,
  "top_heap_gb": 0.0094146728515625,
  "stack_kb": 0.3203125,
  "minor_heap_kb": 8192.0,
  "attributes_table": {
    "num_bindings": 2,
    "num_buckets": 16,
    "max_bucket_length": 1
  }
}