{
  "rtime": 0.2813739776611328,
  "utime": 0.228281,
  "stime": 0.021333,
  "cutime": 0.003208,
  "cstime": 0.002464,
  "minor_gb": 0.19082152098417282,
  "promoted_gb": 0.0033656731247901917,
  "major_gb": 0.007348760962486267,
  "allocated_gb": 0.1948046088218689,
  "minor_collections": 39,
  "major_collections": 2,
  "compactions": 0,
  "top_heap_gb": 0.0094146728515625,
  "stack_kb": 0.3203125,
  "minor_heap_kb": 8192.0,
  "attributes_table": {
    "num_bindings": 7,
    "num_buckets": 16,
    "max_bucket_length": 3
  }
}