{
  "rtime": 188.52143383026123,
  "utime": 0.10568,
  "stime": 0.07231599999999999,
  "cutime": 299.794177,
  "cstime": 14.437319,
  "minor_gb": 0.08942078053951263,
  "promoted_gb": 0.0018133893609046936,
  "major_gb": 0.0036265701055526733,
  "allocated_gb": 0.09123396128416061,
  "minor_collections": 46,
  "major_collections": 1,
  "compactions": 0,
  "top_heap_gb": 0.003662109375,
  "stack_kb": 0.3203125,
  "minor_heap_kb": 8192.0,
  "attributes_table": {
    "num_bindings": 0,
    "num_buckets": 16,
    "max_bucket_length": 0
  }
}