{
  "rtime": 0.12681198120117188,
  "utime": 0.107824,
  "stime": 0.010178,
  "cutime": 0.00332,
  "cstime": 0.0029,
  "minor_gb": 0.04097557067871094,
  "promoted_gb": 0.0016608759760856628,
  "major_gb": 0.004910185933113098,
  "allocated_gb": 0.04422488063573837,
  "minor_collections": 20,
  "major_collections": 1,
  "compactions": 0,
  "top_heap_gb": 0.0094146728515625,
  "stack_kb": 0.3203125,
  "minor_heap_kb": 8192.0,
  "attributes_table": {
    "num_bindings": 1,
    "num_buckets": 16,
    "max_bucket_length": 1
  }
}