{
  "rtime": 0.14067697525024414,
  "utime": 0.102265,
  "stime": 0.010692,
  "cutime": 0.003125,
  "cstime": 0.002364,
  "minor_gb": 0.04097405821084976,
  "promoted_gb": 0.0016608759760856628,
  "major_gb": 0.004910193383693695,
  "allocated_gb": 0.044223375618457794,
  "minor_collections": 20,
  "major_collections": 1,
  "compactions": 0,
  "top_heap_gb": 0.0094146728515625,
  "stack_kb": 0.3203125,
  "minor_heap_kb": 8192.0,
  "attributes_table": {
    "num_bindings": 1,
    "num_buckets": 16,
    "max_bucket_length": 1
  }
}