{
  "rtime": 0.08498597145080566,
  "utime": 0.06874,
  "stime": 0.004413,
  "cutime": 0.003249,
  "cstime": 0.002647,
  "minor_gb": 0.037737876176834106,
  "promoted_gb": 0.0016608759760856628,
  "major_gb": 0.0016842633485794067,
  "allocated_gb": 0.03776126354932785,
  "minor_collections": 20,
  "major_collections": 1,
  "compactions": 0,
  "top_heap_gb": 0.003662109375,
  "stack_kb": 0.3203125,
  "minor_heap_kb": 8192.0,
  "attributes_table": {
    "num_bindings": 1,
    "num_buckets": 16,
    "max_bucket_length": 1
  }
}