{
  "rtime": 0.3780479431152344,
  "utime": 0.329395,
  "stime": 0.025585,
  "cutime": 0.003311,
  "cstime": 0.002687,
  "minor_gb": 0.32574135065078735,
  "promoted_gb": 0.004625990986824036,
  "major_gb": 0.008148573338985443,
  "allocated_gb": 0.32926393300294876,
  "minor_collections": 56,
  "major_collections": 2,
  "compactions": 0,
  "top_heap_gb": 0.0094146728515625,
  "stack_kb": 0.3203125,
  "minor_heap_kb": 8192.0,
  "attributes_table": {
    "num_bindings": 14,
    "num_buckets": 16,
    "max_bucket_length": 2
  }
}