{
  "rtime": 0.34460902214050293,
  "utime": 0.26836899999999997,
  "stime": 0.021258,
  "cutime": 0.003077,
  "cstime": 0.002495,
  "minor_gb": 0.2657941207289696,
  "promoted_gb": 0.003591187298297882,
  "major_gb": 0.007036708295345306,
  "allocated_gb": 0.269239641726017,
  "minor_collections": 49,
  "major_collections": 1,
  "compactions": 0,
  "top_heap_gb": 0.0094146728515625,
  "stack_kb": 0.3203125,
  "minor_heap_kb": 8192.0,
  "attributes_table": {
    "num_bindings": 3,
    "num_buckets": 16,
    "max_bucket_length": 1
  }
}