{
  "rtime": {
    "sum": 19.350687265396118,
    "avg": 0.7740274906158447,
    "min": 0.47662997245788574,
    "p10": 0.622064471244812,
    "median": 0.7689700126647949,
    "p75": 0.8946149349212646,
    "max": 0.8966739177703857,
    "count": 25
  },
  "utime": {
    "sum": 16.797488,
    "avg": 0.6718995200000001,
    "min": 0.437852,
    "p10": 0.5571025000000001,
    "median": 0.676813,
    "p75": 0.7511180000000001,
    "max": 0.7518860000000001,
    "count": 25
  },
  "stime": {
    "sum": 2.097715,
    "avg": 0.0839086,
    "min": 0.028035,
    "p10": 0.054684500000000004,
    "median": 0.082318,
    "p75": 0.107788,
    "max": 0.109049,
    "count": 25
  },
  "cutime": {
    "sum": 0.062144,
    "avg": 0.00248576,
    "min": 0.002135,
    "p10": 0.002135,
    "median": 0.002135,
    "p75": 0.002429,
    "max": 0.004274,
    "count": 25
  },
  "cstime": {
    "sum": 0.044918999999999994,
    "avg": 0.0017967599999999997,
    "min": 0.00147,
    "p10": 0.00147,
    "median": 0.00147,
    "p75": 0.001908,
    "max": 0.003025,
    "count": 25
  },
  "minor_gb": {
    "sum": 7.041803166270256,
    "avg": 0.28167212665081026,
    "min": 0.092774398624897,
    "p10": 0.19415580853819847,
    "median": 0.2958488389849663,
    "p75": 0.3277279660105705,
    "max": 0.3282158896327019,
    "count": 25
  },
  "promoted_gb": {
    "sum": 0.74459208548069,
    "avg": 0.0297836834192276,
    "min": 0.016114935278892517,
    "p10": 0.02318403869867325,
    "median": 0.03025314211845398,
    "p75": 0.03408791124820709,
    "max": 0.03408791124820709,
    "count": 25
  },
  "major_gb": {
    "sum": 0.8965538069605827,
    "avg": 0.03586215227842331,
    "min": 0.02104818820953369,
    "p10": 0.029460400342941284,
    "median": 0.03787276893854141,
    "p75": 0.037898823618888855,
    "max": 0.03789906948804855,
    "count": 25
  },
  "allocated_gb": {
    "sum": 7.193764887750149,
    "avg": 0.2877505955100059,
    "min": 0.09770765155553818,
    "p10": 0.2004321701824665,
    "median": 0.3034684658050537,
    "p75": 0.3315388783812523,
    "max": 0.33202704787254333,
    "count": 25
  },
  "minor_collections": {
    "sum": 1502.0,
    "avg": 60.08,
    "min": 28.0,
    "p10": 45.5,
    "median": 63.0,
    "p75": 67.0,
    "max": 67.0,
    "count": 25
  },
  "major_collections": {
    "sum": 119.0,
    "avg": 4.76,
    "min": 3.0,
    "p10": 4.0,
    "median": 5.0,
    "p75": 5.0,
    "max": 5.0,
    "count": 25
  },
  "compactions": {
    "sum": 0.0,
    "avg": 0.0,
    "min": 0.0,
    "p10": 0.0,
    "median": 0.0,
    "p75": 0.0,
    "max": 0.0,
    "count": 25
  },
  "top_heap_gb": {
    "sum": 0.8212165832519531,
    "avg": 0.032848663330078125,
    "min": 0.025394439697265625,
    "p10": 0.02948760986328125,
    "median": 0.033580780029296875,
    "p75": 0.03436279296875,
    "max": 0.03436279296875,
    "count": 25
  },
  "stack_kb": {
    "sum": 8.0078125,
    "avg": 0.3203125,
    "min": 0.3203125,
    "p10": 0.3203125,
    "median": 0.3203125,
    "p75": 0.3203125,
    "max": 0.3203125,
    "count": 25
  },
  "minor_heap_kb": {
    "sum": 204800.0,
    "avg": 8192.0,
    "min": 8192.0,
    "p10": 8192.0,
    "median": 8192.0,
    "p75": 8192.0,
    "max": 8192.0,
    "count": 25
  },
  "attributes_table": {
    "num_bindings": {
      "sum": 0.0,
      "avg": 0.0,
      "min": 0.0,
      "p10": 0.0,
      "median": 0.0,
      "p75": 0.0,
      "max": 0.0,
      "count": 25
    },
    "num_buckets": {
      "sum": 400.0,
      "avg": 16.0,
      "min": 16.0,
      "p10": 16.0,
      "median": 16.0,
      "p75": 16.0,
      "max": 16.0,
      "count": 25
    },
    "max_bucket_length": {
      "sum": 0.0,
      "avg": 0.0,
      "min": 0.0,
      "p10": 0.0,
      "median": 0.0,
      "p75": 0.0,
      "max": 0.0,
      "count": 25
    }
  }
}