{
  "rtime": 0.8958570957183838,
  "utime": 0.751602,
  "stime": 0.108516,
  "cutime": 0.002429,
  "cstime": 0.001908,
  "minor_gb": 0.32803860306739807,
  "promoted_gb": 0.03408791124820709,
  "major_gb": 0.03789898008108139,
  "allocated_gb": 0.33184967190027237,
  "minor_collections": 67,
  "major_collections": 5,
  "compactions": 0,
  "top_heap_gb": 0.03436279296875,
  "stack_kb": 0.3203125,
  "minor_heap_kb": 8192.0,
  "attributes_table": {
    "num_bindings": 0,
    "num_buckets": 16,
    "max_bucket_length": 0
  }
}