{
  "rtime": 0.8946149349212646,
  "utime": 0.7511180000000001,
  "stime": 0.107788,
  "cutime": 0.002429,
  "cstime": 0.001908,
  "minor_gb": 0.3277279660105705,
  "promoted_gb": 0.03408791124820709,
  "major_gb": 0.037898823618888855,
  "allocated_gb": 0.3315388783812523,
  "minor_collections": 67,
  "major_collections": 5,
  "compactions": 0,
  "top_heap_gb": 0.03436279296875,
  "stack_kb": 0.3203125,
  "minor_heap_kb": 8192.0,
  "attributes_table": {
    "num_bindings": 0,
    "num_buckets": 16,
    "max_bucket_length": 0
  }
}