{
  "rtime": 0.7690870761871338,
  "utime": 0.6768719999999999,
  "stime": 0.082376,
  "cutime": 0.002135,
  "cstime": 0.00147,
  "minor_gb": 0.295893132686615,
  "promoted_gb": 0.03025314211845398,
  "major_gb": 0.0378727912902832,
  "allocated_gb": 0.3035127818584442,
  "minor_collections": 63,
  "major_collections": 5,
  "compactions": 0,
  "top_heap_gb": 0.033580780029296875,
  "stack_kb": 0.3203125,
  "minor_heap_kb": 8192.0,
  "attributes_table": {
    "num_bindings": 0,
    "num_buckets": 16,
    "max_bucket_length": 0
  }
}