{
  "rtime": 0.768765926361084,
  "utime": 0.676747,
  "stime": 0.082181,
  "cutime": 0.002135,
  "cstime": 0.00147,
  "minor_gb": 0.2958041578531265,
  "promoted_gb": 0.03025314211845398,
  "major_gb": 0.03787274658679962,
  "allocated_gb": 0.30342376232147217,
  "minor_collections": 63,
  "major_collections": 5,
  "compactions": 0,
  "top_heap_gb": 0.033580780029296875,
  "stack_kb": 0.3203125,
  "minor_heap_kb": 8192.0,
  "attributes_table": {
    "num_bindings": 0,
    "num_buckets": 16,
    "max_bucket_length": 0
  }
}